State,state_code,LGA,lga_code
Abia,001,Aba North,001001
Abia,001,Aba South,001002
Abia,001,Arochukwu,001003
Abia,001,Bende,001004
Abia,001,Ikwuano,001005
Abia,001,Isiala Ngwa North,001006
Abia,001,Isiala Ngwa South,001007
Abia,001,Isuikwuato,001008
Abia,001,Obi Ngwa,001009
Abia,001,Ohafia,001010
Abia,001,Osisioma,001011
Abia,001,Ugwunagbo,001012
Abia,001,Ukwa East,001013
Abia,001,Ukwa West,001014
Abia,001,Umu Nneochi,001015
Abia,001,Umuahia North,001016
Abia,001,Umuahia South,001017
Adamawa,002,Demsa,002001
Adamawa,002,Fufure,002002
Adamawa,002,Ganye,002003
Adamawa,002,Gayuk,002004
Adamawa,002,Gombi,002005
Adamawa,002,Grie,002006
Adamawa,002,Hong,002007
Adamawa,002,Jada,002008
Adamawa,002,Lamurde,002009
Adamawa,002,Madagali,002010
Adamawa,002,Maiha,002011
Adamawa,002,Mayo Belwa,002012
Adamawa,002,Michika,002013
Adamawa,002,Mubi North,002014
Adamawa,002,Mubi South,002015
Adamawa,002,Numan,002016
Adamawa,002,Shelleng,002017
Adamawa,002,Song,002018
Adamawa,002,Toungo,002019
Adamawa,002,Yola North,002020
Adamawa,002,Yola South,002021
Akwa Ibom,003,Abak,003001
Akwa Ibom,003,Eastern Obolo,003002
Akwa Ibom,003,Eket,003003
Akwa Ibom,003,Esit Eket,003004
Akwa Ibom,003,Essien Udim,003005
Akwa Ibom,003,Etim Ekpo,003006
Akwa Ibom,003,Etinan,003007
Akwa Ibom,003,Ibeno,003008
Akwa Ibom,003,Ibesikpo Asutan,003009
Akwa Ibom,003,Ibiono-Ibom,003010
Akwa Ibom,003,Ika,003011
Akwa Ibom,003,Ikono,003012
Akwa Ibom,003,Ikot Abasi,003013
Akwa Ibom,003,Ikot Ekpene,003014
Akwa Ibom,003,Ini,003015
Akwa Ibom,003,Itu,003016
Akwa Ibom,003,Mbo,003017
Akwa Ibom,003,Mkpat-Enin,003018
Akwa Ibom,003,Nsit-Atai,003019
Akwa Ibom,003,Nsit-Ibom,003020
Akwa Ibom,003,Nsit-Ubium,003021
Akwa Ibom,003,Obot Akara,003022
Akwa Ibom,003,Okobo,003023
Akwa Ibom,003,Onna,003024
Akwa Ibom,003,Oron,003025
Akwa Ibom,003,Oruk Anam,003026
Akwa Ibom,003,Udung-Uko,003027
Akwa Ibom,003,Ukanafun,003028
Akwa Ibom,003,Uruan,003029
Akwa Ibom,003,Urue-Offong/Oruko,003030
Akwa Ibom,003,Uyo,003031
Anambra,004,Aguata,004001
Anambra,004,Anambra East,004002
Anambra,004,Anambra West,004003
Anambra,004,Anaocha,004004
Anambra,004,Awka North,004005
Anambra,004,Awka South,004006
Anambra,004,Ayamelum,004007
Anambra,004,Dunukofia,004008
Anambra,004,Ekwusigo,004009
Anambra,004,Idemili North,004010
Anambra,004,Idemili South,004011
Anambra,004,Ihiala,004012
Anambra,004,Njikoka,004013
Anambra,004,Nnewi North,004014
Anambra,004,Nnewi South,004015
Anambra,004,Ogbaru,004016
Anambra,004,Onitsha North,004017
Anambra,004,Onitsha South,004018
Anambra,004,Orumba North,004019
Anambra,004,Orumba South,004020
Anambra,004,Oyi,004021
Bauchi,005,Alkaleri,005001
Bauchi,005,Bauchi,005002
Bauchi,005,Bogoro,005003
Bauchi,005,Damban,005004
Bauchi,005,Darazo,005005
Bauchi,005,Dass,005006
Bauchi,005,Gamawa,005007
Bauchi,005,Ganjuwa,005008
Bauchi,005,Giade,005009
Bauchi,005,Itas/Gadau,005010
Bauchi,005,Jama'are,005011
Bauchi,005,Katagum,005012
Bauchi,005,Kirfi,005013
Bauchi,005,Misau,005014
Bauchi,005,Ningi,005015
Bauchi,005,Shira,005016
Bauchi,005,Tafawa Balewa,005017
Bauchi,005,Toro,005018
Bauchi,005,Warji,005019
Bauchi,005,Zaki,005020
Benue,006,Ado,006001
Benue,006,Agatu,006002
Benue,006,Apa,006003
Benue,006,Buruku,006004
Benue,006,Gboko,006005
Benue,006,Guma,006006
Benue,006,Gwer East,006007
Benue,006,Gwer West,006008
Benue,006,Katsina-Ala,006009
Benue,006,Konshisha,006010
Benue,006,Kwande,006011
Benue,006,Logo,006012
Benue,006,Makurdi,006013
Benue,006,Obi,006014
Benue,006,Ogbadibo,006015
Benue,006,Ohimini,006016
Benue,006,Oju,006017
Benue,006,Okpokwu,006018
Benue,006,Oturkpo,006019
Benue,006,Tarka,006020
Benue,006,Ukum,006021
Benue,006,Ushongo,006022
Benue,006,Vandeikya,006023
Borno,007,Abadam,007001
Borno,007,Askira/Uba,007002
Borno,007,Bama,007003
Borno,007,Bayo,007004
Borno,007,Biu,007005
Borno,007,Chibok,007006
Borno,007,Damboa,007007
Borno,007,Dikwa,007008
Borno,007,Gubio,007009
Borno,007,Guzamala,007010
Borno,007,Gwoza,007011
Borno,007,Hawul,007012
Borno,007,Jere,007013
Borno,007,Kaga,007014
Borno,007,Kala/Balge,007015
Borno,007,Konduga,007016
Borno,007,Kukawa,007017
Borno,007,Kwaya Kusar,007018
Borno,007,Mafa,007019
Borno,007,Magumeri,007020
Borno,007,Maiduguri,007021
Borno,007,Marte,007022
Borno,007,Mobbar,007023
Borno,007,Monguno,007024
Borno,007,Ngala,007025
Borno,007,Nganzai,007026
Borno,007,Shani,007027
Cross River,008,Abi,008001
Cross River,008,Akamkpa,008002
Cross River,008,Akpabuyo,008003
Cross River,008,Bakassi,008004
Cross River,008,Bekwarra,008005
Cross River,008,Biase,008006
Cross River,008,Boki,008007
Cross River,008,Calabar Municipal,008008
Cross River,008,Calabar South,008009
Cross River,008,Etung,008010
Cross River,008,Ikom,008011
Cross River,008,Obanliku,008012
Cross River,008,Obubra,008013
Cross River,008,Obudu,008014
Cross River,008,Odukpani,008015
Cross River,008,Ogoja,008016
Cross River,008,Yakuur,008017
Cross River,008,Yala,008018
Delta,009,Aniocha North,009001
Delta,009,Aniocha South,009002
Delta,009,Bomadi,009003
Delta,009,Burutu,009004
Delta,009,Ethiope East,009005
Delta,009,Ethiope West,009006
Delta,009,Ika North East,009007
Delta,009,Ika South,009008
Delta,009,Isoko North,009009
Delta,009,Isoko South,009010
Delta,009,Ndokwa East,009011
Delta,009,Ndokwa West,009012
Delta,009,Okpe,009013
Delta,009,Oshimili North,009014
Delta,009,Oshimili South,009015
Delta,009,Patani,009016
Delta,009,Sapele,009017
Delta,009,Udu,009018
Delta,009,Ughelli North,009019
Delta,009,Ughelli South,009020
Delta,009,Ukwuani,009021
Delta,009,Uvwie,009022
Delta,009,Warri North,009023
Delta,009,Warri South,009024
Delta,009,Warri South West,009025
Edo,010,Akoko-Edo,010001
Edo,010,Egor,010002
Edo,010,Esan Central,010003
Edo,010,Esan North-East,010004
Edo,010,Esan South-East,010005
Edo,010,Esan West,010006
Edo,010,Etsako Central,010007
Edo,010,Etsako East,010008
Edo,010,Etsako West,010009
Edo,010,Igueben,010010
Edo,010,Ikpoba Okha,010011
Edo,010,Oredo,010012
Edo,010,Orhionmwon,010013
Edo,010,Ovia North-East,010014
Edo,010,Ovia South-West,010015
Edo,010,Owan East,010016
Edo,010,Owan West,010017
Edo,010,Uhunmwonde,010018
Enugu,011,Aninri,011001
Enugu,011,Awgu,011002
Enugu,011,Enugu East,011003
Enugu,011,Enugu North,011004
Enugu,011,Enugu South,011005
Enugu,011,Ezeagu,011006
Enugu,011,Igbo Etiti,011007
Enugu,011,Igbo Eze North,011008
Enugu,011,Igbo Eze South,011009
Enugu,011,Isi Uzo,011010
Enugu,011,Nkanu East,011011
Enugu,011,Nkanu West,011012
Enugu,011,Nsukka,011013
Enugu,011,Oji River,011014
Enugu,011,Udenu,011015
Enugu,011,Udi,011016
Enugu,011,Uzo-Uwani,011017
Imo,012,Aboh Mbaise,012001
Imo,012,Ahiazu Mbaise,012002
Imo,012,Ehime Mbano,012003
Imo,012,Ezinihitte,012004
Imo,012,Ideato North,012005
Imo,012,Ideato South,012006
Imo,012,Ihitte/Uboma,012007
Imo,012,Ikeduru,012008
Imo,012,Isiala Mbano,012009
Imo,012,Isu,012010
Imo,012,Mbaitoli,012011
Imo,012,Ngor Okpala,012012
Imo,012,Njaba,012013
Imo,012,Nkwerre,012014
Imo,012,Nwangele,012015
Imo,012,Obowo,012016
Imo,012,Oguta,012017
Imo,012,Ohaji/Egbema,012018
Imo,012,Okigwe,012019
Imo,012,Orlu,012020
Imo,012,Orsu,012021
Imo,012,Oru East,012022
Imo,012,Oru West,012023
Imo,012,Owerri Municipal,012024
Imo,012,Owerri North,012025
Imo,012,Owerri West,012026
Imo,012,Unuimo,012027
Jigawa,013,Auyo,013001
Jigawa,013,Babura,013002
Jigawa,013,Biriniwa,013003
Jigawa,013,Birnin Kudu,013004
Jigawa,013,Buji,013005
Jigawa,013,Dutse,013006
Jigawa,013,Gagarawa,013007
Jigawa,013,Garki,013008
Jigawa,013,Gumel,013009
Jigawa,013,Guri,013010
Jigawa,013,Gwaram,013011
Jigawa,013,Gwiwa,013012
Jigawa,013,Hadejia,013013
Jigawa,013,Jahun,013014
Jigawa,013,Kafin Hausa,013015
Jigawa,013,Kaugama,013016
Jigawa,013,Kazaure,013017
Jigawa,013,Kiri Kasama,013018
Jigawa,013,Kiyawa,013019
Jigawa,013,Maigatari,013020
Jigawa,013,Malam Madori,013021
Jigawa,013,Miga,013022
Jigawa,013,Ringim,013023
Jigawa,013,Roni,013024
Jigawa,013,Sule Tankarkar,013025
Jigawa,013,Taura,013026
Jigawa,013,Yankwashi,013027
Kaduna,014,Birnin Gwari,014001
Kaduna,014,Chikun,014002
Kaduna,014,Giwa,014003
Kaduna,014,Igabi,014004
Kaduna,014,Ikara,014005
Kaduna,014,Jaba,014006
Kaduna,014,Jema'a,014007
Kaduna,014,Kachia,014008
Kaduna,014,Kaduna North,014009
Kaduna,014,Kaduna South,014010
Kaduna,014,Kagarko,014011
Kaduna,014,Kajuru,014012
Kaduna,014,Kaura,014013
Kaduna,014,Kauru,014014
Kaduna,014,Kubau,014015
Kaduna,014,Kudan,014016
Kaduna,014,Lere,014017
Kaduna,014,Makarfi,014018
Kaduna,014,Sabon Gari,014019
Kaduna,014,Sanga,014020
Kaduna,014,Soba,014021
Kaduna,014,Zangon Kataf,014022
Kaduna,014,Zaria,014023
Kano,015,Ajingi,015001
Kano,015,Albasu,015002
Kano,015,Bagwai,015003
Kano,015,Bebeji,015004
Kano,015,Bichi,015005
Kano,015,Bunkure,015006
Kano,015,Dala,015007
Kano,015,Dambatta,015008
Kano,015,Dawakin Kudu,015009
Kano,015,Dawakin Tofa,015010
Kano,015,Doguwa,015011
Kano,015,Fagge,015012
Kano,015,Gabasawa,015013
Kano,015,Garko,015014
Kano,015,Garun Mallam,015015
Kano,015,Gaya,015016
Kano,015,Gezawa,015017
Kano,015,Gwale,015018
Kano,015,Gwarzo,015019
Kano,015,Kabo,015020
Kano,015,Kano Municipal,015021
Kano,015,Karaye,015022
Kano,015,Kibiya,015023
Kano,015,Kiru,015024
Kano,015,Kumbotso,015025
Kano,015,Kunchi,015026
Kano,015,Kura,015027
Kano,015,Madobi,015028
Kano,015,Makoda,015029
Kano,015,Minjibir,015030
Kano,015,Nasarawa,015031
Kano,015,Rano,015032
Kano,015,Rimin Gado,015033
Kano,015,Rogo,015034
Kano,015,Shanono,015035
Kano,015,Sumaila,015036
Kano,015,Takai,015037
Kano,015,Tarauni,015038
Kano,015,Tofa,015039
Kano,015,Tsanyawa,015040
Kano,015,Tudun Wada,015041
Kano,015,Ungogo,015042
Kano,015,Warawa,015043
Kano,015,Wudil,015044
Katsina,016,Bakori,016001
Katsina,016,Batagarawa,016002
Katsina,016,Batsari,016003
Katsina,016,Baure,016004
Katsina,016,Bindawa,016005
Katsina,016,Charanchi,016006
Katsina,016,Dan Musa,016007
Katsina,016,Dandume,016008
Katsina,016,Danja,016009
Katsina,016,Daura,016010
Katsina,016,Dutsi,016011
Katsina,016,Dutsin Ma,016012
Katsina,016,Faskari,016013
Katsina,016,Funtua,016014
Katsina,016,Ingawa,016015
Katsina,016,Jibia,016016
Katsina,016,Kafur,016017
Katsina,016,Kaita,016018
Katsina,016,Kankara,016019
Katsina,016,Kankia,016020
Katsina,016,Katsina,016021
Katsina,016,Kurfi,016022
Katsina,016,Kusada,016023
Katsina,016,Mai'Adua,016024
Katsina,016,Malumfashi,016025
Katsina,016,Mani,016026
Katsina,016,Mashi,016027
Katsina,016,Matazu,016028
Katsina,016,Musawa,016029
Katsina,016,Rimi,016030
Katsina,016,Sabuwa,016031
Katsina,016,Safana,016032
Katsina,016,Sandamu,016033
Katsina,016,Zango,016034
Kebbi,017,Aleiro,017001
Kebbi,017,Arewa Dandi,017002
Kebbi,017,Argungu,017003
Kebbi,017,Augie,017004
Kebbi,017,Bagudo,017005
Kebbi,017,Birnin Kebbi,017006
Kebbi,017,Bunza,017007
Kebbi,017,Dandi,017008
Kebbi,017,Fakai,017009
Kebbi,017,Gwandu,017010
Kebbi,017,Jega,017011
Kebbi,017,Kalgo,017012
Kebbi,017,Koko/Besse,017013
Kebbi,017,Maiyama,017014
Kebbi,017,Ngaski,017015
Kebbi,017,Sakaba,017016
Kebbi,017,Shanga,017017
Kebbi,017,Suru,017018
Kebbi,017,Wasagu/Danko,017019
Kebbi,017,Yauri,017020
Kebbi,017,Zuru,017021
Kogi,018,Adavi,018001
Kogi,018,Ajaokuta,018002
Kogi,018,Ankpa,018003
Kogi,018,Bassa,018004
Kogi,018,Dekina,018005
Kogi,018,Ibaji,018006
Kogi,018,Idah,018007
Kogi,018,Igalamela Odolu,018008
Kogi,018,Ijumu,018009
Kogi,018,Kabba/Bunu,018010
Kogi,018,Kogi,018011
Kogi,018,Lokoja,018012
Kogi,018,Mopa Muro,018013
Kogi,018,Ofu,018014
Kogi,018,Ogori/Magongo,018015
Kogi,018,Okehi,018016
Kogi,018,Okene,018017
Kogi,018,Olamaboro,018018
Kogi,018,Omala,018019
Kogi,018,Yagba East,018020
Kogi,018,Yagba West,018021
Kwara,019,Asa,019001
Kwara,019,Baruten,019002
Kwara,019,Edu,019003
Kwara,019,Ekiti,019004
Kwara,019,Ifelodun,019005
Kwara,019,Ilorin East,019006
Kwara,019,Ilorin South,019007
Kwara,019,Ilorin West,019008
Kwara,019,Irepodun,019009
Kwara,019,Isin,019010
Kwara,019,Kaiama,019011
Kwara,019,Moro,019012
Kwara,019,Offa,019013
Kwara,019,Oke Ero,019014
Kwara,019,Oyun,019015
Kwara,019,Pategi,019016
Lagos,020,Agege,020001
Lagos,020,Ajeromi-Ifelodun,020002
Lagos,020,Alimosho,020003
Lagos,020,Amuwo-Odofin,020004
Lagos,020,Apapa,020005
Lagos,020,Badagry,020006
Lagos,020,Epe,020007
Lagos,020,Eti Osa,020008
Lagos,020,Ibeju-Lekki,020009
Lagos,020,Ifako-Ijaiye,020010
Lagos,020,Ikeja,020011
Lagos,020,Ikorodu,020012
Lagos,020,Kosofe,020013
Lagos,020,Lagos Island,020014
Lagos,020,Lagos Mainland,020015
Lagos,020,Mushin,020016
Lagos,020,Ojo,020017
Lagos,020,Oshodi-Isolo,020018
Lagos,020,Shomolu,020019
Lagos,020,Surulere,020020
Niger,021,Agaie,021001
Niger,021,Agwara,021002
Niger,021,Bida,021003
Niger,021,Borgu,021004
Niger,021,Bosso,021005
Niger,021,Chanchaga,021006
Niger,021,Edati,021007
Niger,021,Gbako,021008
Niger,021,Gurara,021009
Niger,021,Katcha,021010
Niger,021,Kontagora,021011
Niger,021,Lapai,021012
Niger,021,Lavun,021013
Niger,021,Magama,021014
Niger,021,Mariga,021015
Niger,021,Mashegu,021016
Niger,021,Mokwa,021017
Niger,021,Moya,021018
Niger,021,Paikoro,021019
Niger,021,Rafi,021020
Niger,021,Rijau,021021
Niger,021,Shiroro,021022
Niger,021,Suleja,021023
Niger,021,Tafa,021024
Niger,021,Wushishi,021025
Ogun,022,Abeokuta North,022001
Ogun,022,Abeokuta South,022002
Ogun,022,Ado-Odo/Ota,022003
Ogun,022,Ewekoro,022004
Ogun,022,Ifo,022005
Ogun,022,Ijebu East,022006
Ogun,022,Ijebu North,022007
Ogun,022,Ijebu North East,022008
Ogun,022,Ijebu Ode,022009
Ogun,022,Ikenne,022010
Ogun,022,Imeko Afon,022011
Ogun,022,Ipokia,022012
Ogun,022,Obafemi Owode,022013
Ogun,022,Odeda,022014
Ogun,022,Odogbolu,022015
Ogun,022,Ogun Waterside,022016
Ogun,022,Remo North,022017
Ogun,022,Shagamu,022018
Ogun,022,Yewa North,022019
Ogun,022,Yewa South,022020
Ondo,023,Akoko North-East,023001
Ondo,023,Akoko North-West,023002
Ondo,023,Akoko South-East,023003
Ondo,023,Akoko South-West,023004
Ondo,023,Akure North,023005
Ondo,023,Akure South,023006
Ondo,023,Ese Odo,023007
Ondo,023,Idanre,023008
Ondo,023,Ifedore,023009
Ondo,023,Ilaje,023010
Ondo,023,Ile Oluji/Okeigbo,023011
Ondo,023,Irele,023012
Ondo,023,Odigbo,023013
Ondo,023,Okitipupa,023014
Ondo,023,Ondo East,023015
Ondo,023,Ondo West,023016
Ondo,023,Ose,023017
Ondo,023,Owo,023018
Osun,024,Aiyedaade,024001
Osun,024,Aiyedire,024002
Osun,024,Atakunmosa East,024003
Osun,024,Atakunmosa West,024004
Osun,024,Boluwaduro,024005
Osun,024,Boripe,024006
Osun,024,Ede North,024007
Osun,024,Ede South,024008
Osun,024,Egbedore,024009
Osun,024,Ejigbo,024010
Osun,024,Ife Central,024011
Osun,024,Ife East,024012
Osun,024,Ife North,024013
Osun,024,Ife South,024014
Osun,024,Ifedayo,024015
Osun,024,Ifelodun,024016
Osun,024,Ila,024017
Osun,024,Ilesa East,024018
Osun,024,Ilesa West,024019
Osun,024,Irepodun,024020
Osun,024,Irewole,024021
Osun,024,Isokan,024022
Osun,024,Iwo,024023
Osun,024,Obokun,024024
Osun,024,Odo Otin,024025
Osun,024,Ola Oluwa,024026
Osun,024,Olorunda,024027
Osun,024,Oriade,024028
Osun,024,Orolu,024029
Osun,024,Osogbo,024030
Oyo,025,Afijio,025001
Oyo,025,Akinyele,025002
Oyo,025,Atiba,025003
Oyo,025,Atisbo,025004
Oyo,025,Egbeda,025005
Oyo,025,Ibadan North,025006
Oyo,025,Ibadan North-East,025007
Oyo,025,Ibadan North-West,025008
Oyo,025,Ibadan South-East,025009
Oyo,025,Ibadan South-West,025010
Oyo,025,Ibarapa Central,025011
Oyo,025,Ibarapa East,025012
Oyo,025,Ibarapa North,025013
Oyo,025,Ido,025014
Oyo,025,Irepo,025015
Oyo,025,Iseyin,025016
Oyo,025,Itesiwaju,025017
Oyo,025,Iwajowa,025018
Oyo,025,Kajola,025019
Oyo,025,Lagelu,025020
Oyo,025,Ogbomosho North,025021
Oyo,025,Ogbomosho South,025022
Oyo,025,Ogo Oluwa,025023
Oyo,025,Olorunsogo,025024
Oyo,025,Oluyole,025025
Oyo,025,Ona Ara,025026
Oyo,025,Orelope,025027
Oyo,025,Ori Ire,025028
Oyo,025,Oyo East,025029
Oyo,025,Oyo West,025030
Oyo,025,Saki East,025031
Oyo,025,Saki West,025032
Oyo,025,Surulere,025033
Plateau,026,Barkin Ladi,026001
Plateau,026,Bassa,026002
Plateau,026,Bokkos,026003
Plateau,026,Jos East,026004
Plateau,026,Jos North,026005
Plateau,026,Jos South,026006
Plateau,026,Kanam,026007
Plateau,026,Kanke,026008
Plateau,026,Langtang North,026009
Plateau,026,Langtang South,026010
Plateau,026,Mangu,026011
Plateau,026,Mikang,026012
Plateau,026,Pankshin,026013
Plateau,026,Qua'an Pan,026014
Plateau,026,Riyom,026015
Plateau,026,Shendam,026016
Plateau,026,Wase,026017
Rivers,027,Abua/Odual,027001
Rivers,027,Ahoada East,027002
Rivers,027,Ahoada West,027003
Rivers,027,Akuku-Toru,027004
Rivers,027,Andoni,027005
Rivers,027,Asari-Toru,027006
Rivers,027,Bonny,027007
Rivers,027,Degema,027008
Rivers,027,Eleme,027009
Rivers,027,Emuoha,027010
Rivers,027,Etche,027011
Rivers,027,Gokana,027012
Rivers,027,Ikwerre,027013
Rivers,027,Khana,027014
Rivers,027,Obio/Akpor,027015
Rivers,027,Ogba/Egbema/Ndoni,027016
Rivers,027,Ogu/Bolo,027017
Rivers,027,Okrika,027018
Rivers,027,Omuma,027019
Rivers,027,Opobo/Nkoro,027020
Rivers,027,Oyigbo,027021
Rivers,027,Port Harcourt,027022
Rivers,027,Tai,027023
Sokoto,028,Binji,028001
Sokoto,028,Bodinga,028002
Sokoto,028,Dange Shuni,028003
Sokoto,028,Gada,028004
Sokoto,028,Goronyo,028005
Sokoto,028,Gudu,028006
Sokoto,028,Gwadabawa,028007
Sokoto,028,Illela,028008
Sokoto,028,Isa,028009
Sokoto,028,Kebbe,028010
Sokoto,028,Kware,028011
Sokoto,028,Rabah,028012
Sokoto,028,Sabon Birni,028013
Sokoto,028,Shagari,028014
Sokoto,028,Silame,028015
Sokoto,028,Sokoto North,028016
Sokoto,028,Sokoto South,028017
Sokoto,028,Tambuwal,028018
Sokoto,028,Tangaza,028019
Sokoto,028,Tureta,028020
Sokoto,028,Wamako,028021
Sokoto,028,Wurno,028022
Sokoto,028,Yabo,028023
Taraba,029,Ardo Kola,029001
Taraba,029,Bali,029002
Taraba,029,Donga,029003
Taraba,029,Gashaka,029004
Taraba,029,Gassol,029005
Taraba,029,Ibi,029006
Taraba,029,Jalingo,029007
Taraba,029,Karim Lamido,029008
Taraba,029,Kumi,029009
Taraba,029,Lau,029010
Taraba,029,Sardauna,029011
Taraba,029,Takum,029012
Taraba,029,Ussa,029013
Taraba,029,Wukari,029014
Taraba,029,Yorro,029015
Taraba,029,Zing,029016
Yobe,030,Bade,030001
Yobe,030,Bursari,030002
Yobe,030,Damaturu,030003
Yobe,030,Fika,030004
Yobe,030,Fune,030005
Yobe,030,Geidam,030006
Yobe,030,Gujba,030007
Yobe,030,Gulani,030008
Yobe,030,Jakusko,030009
Yobe,030,Karasuwa,030010
Yobe,030,Machina,030011
Yobe,030,Nangere,030012
Yobe,030,Nguru,030013
Yobe,030,Potiskum,030014
Yobe,030,Tarmuwa,030015
Yobe,030,Yunusari,030016
Yobe,030,Yusufari,030017
FCT,031,Abaji,031001
FCT,031,Abuja,031002
FCT,031,Bwari,031003
FCT,031,Gwagwalada,031004
FCT,031,Kuje,031005
FCT,031,Kwali,031006
Bayelsa,032,Brass,032001
Bayelsa,032,Ekeremor,032002
Bayelsa,032,Kolokuma/Opokuma,032003
Bayelsa,032,Nembe,032004
Bayelsa,032,Ogbia,032005
Bayelsa,032,Sagbama,032006
Bayelsa,032,Southern Ijaw,032007
Bayelsa,032,Yenagoa,032008
Ebonyi,033,Abakaliki,033001
Ebonyi,033,Afikpo North,033002
Ebonyi,033,Afikpo South (Edda),033003
Ebonyi,033,Ebonyi,033004
Ebonyi,033,Ezza North,033005
Ebonyi,033,Ezza South,033006
Ebonyi,033,Ikwo,033007
Ebonyi,033,Ishielu,033008
Ebonyi,033,Ivo,033009
Ebonyi,033,Izzi,033010
Ebonyi,033,Ohaozara,033011
Ebonyi,033,Ohaukwu,033012
Ebonyi,033,Onicha,033013
Ekiti,034,Ado Ekiti,034001
Ekiti,034,Efon,034002
Ekiti,034,Ekiti East,034003
Ekiti,034,Ekiti South-West,034004
Ekiti,034,Ekiti West,034005
Ekiti,034,Emure,034006
Ekiti,034,Gbonyin,034007
Ekiti,034,Ido Osi,034008
Ekiti,034,Ijero,034009
Ekiti,034,Ikere,034010
Ekiti,034,Ikole,034011
Ekiti,034,Ilejemeje,034012
Ekiti,034,Irepodun/Ifelodun,034013
Ekiti,034,Ise/Orun,034014
Ekiti,034,Moba,034015
Ekiti,034,Oye,034016
Gombe,035,Akko,035001
Gombe,035,Balanga,035002
Gombe,035,Billiri,035003
Gombe,035,Dukku,035004
Gombe,035,Funakaye,035005
Gombe,035,Gombe,035006
Gombe,035,Kaltungo,035007
Gombe,035,Kwami,035008
Gombe,035,Nafada,035009
Gombe,035,Shongom,035010
Gombe,035,Yamaltu/Deba,035011
Nasarawa,036,Akwanga,036001
Nasarawa,036,Awe,036002
Nasarawa,036,Doma,036003
Nasarawa,036,Karu,036004
Nasarawa,036,Keana,036005
Nasarawa,036,Keffi,036006
Nasarawa,036,Kokona,036007
Nasarawa,036,Lafia,036008
Nasarawa,036,Nasarawa,036009
Nasarawa,036,Nasarawa Egon,036010
Nasarawa,036,Obi,036011
Nasarawa,036,Toto,036012
Nasarawa,036,Wamba,036013
Zamfara,037,Anka,037001
Zamfara,037,Bakura,037002
Zamfara,037,Birnin Magaji/Kiyaw,037003
Zamfara,037,Bukkuyum,037004
Zamfara,037,Bungudu,037005
Zamfara,037,Chafe,037006
Zamfara,037,Gummi,037007
Zamfara,037,Gusau,037008
Zamfara,037,Kaura Namoda,037009
Zamfara,037,Maradun,037010
Zamfara,037,Maru,037011
Zamfara,037,Shinkafi,037012
Zamfara,037,Talata Mafara,037013
Zamfara,037,Zurmi,037014
